0,1,2,3,4,5,6,7,8,9,10,11,12,13,14,15,16,17,18,19,20,21,22,23,24,25,26,27,28,29,30,31,32,33,34,35,36,37,38,39,40,41,42,43,44,45,46,47,48,49,50,51,52,53,54,55,56,57,58,59,60,61,62,63,64,65,66,67,68,69,70,71,72,73,74,75,76,77,78,79,80,81,82,83,84,85,86,87,88,89,90,91,92,93,94,95,96,97,98,99,100,101,102,103,104,time,distance
0.0,0.0,0.0,0.0,0.0,0.0,0.0,0.0,0.0,0.0,0.0,0.0,0.0,0.0,0.0,0.0,0.0,0.0,0.0,0.0,0.0,0.0,0.0,0.0,0.0,0.0,0.0,0.0,0.0,0.0,0.0,0.0,0.0,0.0,0.0,0.0,0.0,0.0,0.0,0.0,0.0,0.0,0.0,0.0,0.0,0.0,0.0,0.0,0.0,0.0,0.0,0.0,0.0,0.0,0.0,0.0,0.0,2.371575609676584,2.12211205981928,2.909207352993082,2.8965339362118745,3.5855777434516067,3.5627746123445916,3.186042584417503,3.018978454848105,3.135702342656085,4.709178893986723,2.8256257784493637,3.683825533617427,2.9126133778874013,2.044796870636768,2.4734057679823094,2.178171453438521,2.078850434358128,2.7154953396051806,4.671291454855276,3.1767124405343523,3.0784514399157783,2.4479395518527696,3.0438554207544617,2.563261306675772,2.959560279881727,3.5989052906707797,3.0140533119637807,2.548555439154487,3.3823702888952654,4.434848931376244,2.6925303991544167,4.853479269138648,2.3505392548737714,4.363474795029929,2.0527085098647206,3.2641449391542956,2.848080768338037,3.5806039577902062,2.015119990405685,3.7776585937550013,4.879147429183231,2.3983826876705585,3.1053184077168434,4.051899373361934,2.0962465232921765,2.044812190926559,2.5309602827047715,2.325784484122052,4.514234619140625,4.8846434273975206
0.0,0.0,0.0,0.0,0.0,0.0,0.0,0.0,0.0,0.0,0.0,0.0,0.0,0.0,0.0,0.0,0.0,0.0,0.0,0.0,0.0,0.0,0.0,0.0,0.0,0.0,0.0,0.0,0.0,0.0,0.0,0.0,0.0,0.0,0.0,0.0,0.0,0.0,0.0,0.0,0.0,0.0,0.0,0.0,0.0,0.0,0.0,0.0,0.0,0.0,0.0,0.0,0.0,0.0,0.0,0.0,0.0,2.211903369292389,2.0859105208016104,2.666916287834623,2.343165076489527,2.0312133308461044,2.204108650223491,2.0148633146357455,2.0782443416254153,2.0763892222951417,2.0820990598072635,2.3734465738380592,2.9255747293150307,2.31754718341744,3.531883052424951,2.5832096956822457,2.248190395429682,3.141411656282528,3.2536357232199955,2.062722211449803,2.153973081525301,2.4789098532572225,2.954037886757528,2.4562417358995017,2.4540770437029673,4.593739974310914,2.0446485821750717,4.703097327873115,3.06738106884586,3.4017199974426826,2.5587732806805805,4.221337665874567,3.3498667434042866,3.382872524611452,2.5344913072598487,3.790285563490301,2.672671893309712,2.2506891458086757,2.7230421374223974,3.562811556920295,3.6368038795612603,2.35653355457061,2.5454002798944013,2.239836932069013,2.8837606745322835,3.0010380915992863,2.583433894748909,2.0140622153095684,3.31788018959459,10.35618359375,4.196215437034874
0.0,0.0,0.0,0.0,0.0,0.0,0.0,0.0,0.0,0.0,0.0,0.0,0.0,0.0,0.0,0.0,0.0,0.0,0.0,0.0,0.0,0.0,0.0,0.0,0.0,0.0,0.0,0.0,0.0,0.0,0.0,0.0,0.0,0.0,0.0,0.0,0.0,0.0,0.0,0.0,0.0,0.0,0.0,0.0,0.0,0.0,0.0,0.0,0.0,0.0,0.0,0.0,0.0,0.0,0.0,0.0,0.0,2.9627273853090936,2.0355393823612355,2.427896842309451,3.0536626973391527,4.277030875963296,4.884826935187581,2.773664677345968,3.0982408398319854,3.322927215984696,2.6295024161089313,2.6825360603143005,4.970819064794806,2.458605037989069,2.3156907502698374,2.527069847505926,3.4518427518851085,2.3198947654203264,2.3952746351019685,2.6652940746929,4.15818396683128,2.133894951523345,3.533500616090439,2.8399374662723673,2.888379269429753,2.641861117410472,2.84392542378264,2.1808663771341728,2.910048258698266,2.683323037358319,2.3153863921868054,2.8183476571843307,3.233446882362024,2.4381045535490697,3.013886846344619,3.734847485308165,3.0821659681926072,2.884643265756584,3.6514461899153527,2.1611916642216324,2.06946861244929,2.2613268204099866,2.167470016881107,2.449125056547831,2.583809929172201,2.581052637376047,2.0715380368220586,2.4085980627876706,2.1117397017256763,9.976835937499999,4.737690052014727
0.0,0.0,0.0,0.0,0.0,0.0,0.0,0.0,0.0,0.0,0.0,0.0,0.0,0.0,0.0,0.0,0.0,0.0,0.0,0.0,0.0,0.0,0.0,0.0,0.0,0.0,0.0,0.0,0.0,0.0,0.0,0.0,0.0,0.0,0.0,0.0,0.0,0.0,0.0,0.0,0.0,0.0,0.0,0.0,0.0,0.0,0.0,0.0,0.0,0.0,0.0,0.0,0.0,0.0,0.0,0.0,0.0,2.0298733442538306,2.960319860468153,2.601396921488232,2.766443307594516,2.7281318465443385,2.0062345499686454,2.030639286198223,2.203343549828067,2.7552209675426043,2.3478596479199703,2.15908612361924,2.0382550924925527,2.0223429035494096,2.6347445897304125,2.27825687033482,2.0679948132591828,4.135112507385272,2.199302779230373,3.745317594069217,2.388073358966092,2.371543350860231,3.4658451179368965,4.633612288285169,2.7868776310860475,4.855952126205841,2.055341772497232,4.086071715515998,2.059453326781757,2.7062700383970464,2.459693563472153,2.334488124560819,2.0844118866895305,2.466638827514135,2.3160380141592825,2.2428542328541097,2.9935203111375337,2.8180074407470146,2.904201579001622,3.132811021231315,2.863281729010322,2.218722861704686,2.0609862278575837,2.0234593270883474,3.1502284643743463,2.192580383667965,4.952481224093333,2.025807850684759,2.7314706442381818,11.645965820312497,4.218464656260068
0.0,0.0,0.0,0.0,0.0,0.0,0.0,0.0,0.0,0.0,0.0,0.0,0.0,0.0,0.0,0.0,0.0,0.0,0.0,0.0,0.0,0.0,0.0,0.0,0.0,0.0,0.0,0.0,0.0,0.0,0.0,0.0,0.0,0.0,0.0,0.0,0.0,0.0,0.0,0.0,0.0,0.0,0.0,0.0,0.0,0.0,0.0,0.0,0.0,0.0,0.0,0.0,0.0,0.0,0.0,0.0,0.0,2.823050421705824,2.0341553777010404,3.416577108261972,2.2839772825226556,2.6003320067634728,2.5506828588338384,3.63871897685007,3.2655352697168247,2.2136738657237403,2.490697999528451,2.6660422159337593,3.067904255278704,4.00400474974141,2.063517615520596,2.0950476582166253,4.4740214781731895,3.948141274895707,4.203732239344489,4.246168194473405,2.837642901687612,2.7677534062589197,2.475167869232303,2.5913206715098767,3.379147619064401,4.74767444286067,2.808639944294442,2.1820640565528193,2.047883051678907,2.1210986965733056,2.9686311765881466,2.879589637527327,2.5142957738082465,2.091040093231511,2.1803941910503535,4.6312112206023555,2.194856773668364,2.27012652145026,4.8554972009410395,3.6235431226112587,2.7802897284297305,2.140176796400225,2.3369470622576034,2.0319306138592137,2.0372528566752774,2.515831783820166,2.188437411073702,2.2520813001788227,2.315338491718805,9.900966796875004,4.679288497074303
0.0,0.0,0.0,0.0,0.0,0.0,0.0,0.0,0.0,0.0,0.0,0.0,0.0,0.0,0.0,0.0,0.0,0.0,0.0,0.0,0.0,0.0,0.0,0.0,0.0,0.0,0.0,0.0,0.0,0.0,0.0,0.0,0.0,0.0,0.0,0.0,0.0,0.0,0.0,0.0,0.0,0.0,0.0,0.0,0.0,0.0,0.0,0.0,0.0,0.0,0.0,0.0,0.0,0.0,0.0,0.0,0.0,2.645902458044297,2.202630249227127,2.2838781950320293,2.2319123481338607,2.424721736685459,2.562714229929948,2.5588239448145833,2.3241467035805212,2.0230541277822884,2.2384412431791025,2.093567501207364,2.005362396168308,2.803922176162272,3.814093219614676,2.0940433458188936,2.8480035760599853,2.8422128104649724,4.901869963276196,2.4302819555029704,2.0894542813353487,3.773295375767899,2.327529085160018,3.0081876584005354,2.5059691613511412,2.0026390047712472,2.1569261235368717,2.592117703366739,3.5907974246797223,2.2852685869085607,4.868015784619748,3.140057987695438,2.466935955396537,3.224476687433926,4.5287663246278935,3.671176071311003,3.1810811177174396,2.881771722334536,2.95532819964427,2.386456055982978,2.0741282302223314,3.621369159807906,3.863419708786756,2.2859433475708237,2.1806705862546543,2.1621771719283505,3.1633961299861815,2.069397466629204,3.1298752379845203,9.483682617187497,4.277347964763025
0.0,0.0,0.0,0.0,0.0,0.0,0.0,0.0,0.0,0.0,0.0,0.0,0.0,0.0,0.0,0.0,0.0,0.0,0.0,0.0,0.0,0.0,0.0,0.0,0.0,0.0,0.0,0.0,0.0,0.0,0.0,0.0,0.0,0.0,0.0,0.0,0.0,0.0,0.0,0.0,0.0,0.0,0.0,0.0,0.0,0.0,0.0,0.0,0.0,0.0,0.0,0.0,0.0,0.0,0.0,0.0,0.0,2.1681760108306576,2.444815131168854,2.750544456645016,2.2425904282778073,2.1427382736098046,3.7721342380340195,3.695413263062375,3.922720285669455,2.588070903860644,2.322421808684722,4.469658136870717,4.189450500925747,2.3964985671308314,2.7362176799040334,2.82516261365761,3.5557737042857487,3.9868426187765316,3.7986589891034934,3.9129396498249074,2.2335812581704166,3.650815815974568,2.0004739121596,4.681974967577618,3.3472505210907686,3.2140050584742395,2.4269209816771684,2.0473069331464404,2.994384835821439,2.335271434658852,2.4150523850637167,3.4499248278208063,2.258666303941026,2.5491998340017483,2.531237653898978,2.1554514726535645,2.22987984321987,2.3486157670243517,2.6162685655776623,2.3102983440025135,2.5212858821583555,2.767169342114789,2.38816938553174,2.214193718145543,2.3465949853386934,2.4366904132287703,2.2935171522220257,2.366242511798861,2.2224035336417027,6.638573974609372,4.7628410564621815
0.0,0.0,0.0,0.0,0.0,0.0,0.0,0.0,0.0,0.0,0.0,0.0,0.0,0.0,0.0,0.0,0.0,0.0,0.0,0.0,0.0,0.0,0.0,0.0,0.0,0.0,0.0,0.0,0.0,0.0,0.0,0.0,0.0,0.0,0.0,0.0,0.0,0.0,0.0,0.0,0.0,0.0,0.0,0.0,0.0,0.0,0.0,0.0,0.0,0.0,0.0,0.0,0.0,0.0,0.0,0.0,0.0,2.0684708840458295,2.826104602305046,4.494188573315416,3.062823580245394,2.3701373064300686,2.5599295779980626,3.9929506417283873,3.089477439685789,4.630917312652527,2.4815089631918097,2.0325989335130386,4.1076860915624405,2.0065541333004977,4.680132158979201,2.2293417548777885,2.05318012434526,4.8419525243977946,3.1149030025748083,2.961114730081362,2.856096650214801,4.372892380406931,4.314843686587347,2.880964847883828,3.899816295722935,2.145010659947972,2.3214135569722245,3.0191461334137943,2.2788541098366535,4.718092794774633,2.621995432038186,2.1789770530048673,3.752388658574392,2.819658697545954,2.4517458298080252,3.3572729415639304,2.4261398147930064,2.009137670536593,2.282625025709355,2.661321629563524,3.646227529171412,2.242433788658425,3.4043609950275453,2.387664356912337,2.1014361821716907,2.22541034170406,2.2444144893357145,3.55078336873025,2.6659074934331333,6.031615478515633,4.97642026795019
0.0,0.0,0.0,0.0,0.0,0.0,0.0,0.0,0.0,0.0,0.0,0.0,0.0,0.0,0.0,0.0,0.0,0.0,0.0,0.0,0.0,0.0,0.0,0.0,0.0,0.0,0.0,0.0,0.0,0.0,0.0,0.0,0.0,0.0,0.0,0.0,0.0,0.0,0.0,0.0,0.0,0.0,0.0,0.0,0.0,0.0,0.0,0.0,0.0,0.0,0.0,0.0,0.0,0.0,0.0,0.0,0.0,2.5959934445211115,2.280732391289049,2.1112419593220664,2.0472529872248026,2.0021727713376323,2.1423807683491622,2.9991125117276565,2.091457593709063,3.865742550637603,2.6052692319676383,2.804725198942436,2.8008785339800317,2.7319321637638136,2.6785428301817853,2.74251063747087,2.6625849054008572,2.1996346610725173,3.079980895359645,2.373885141621267,3.093236770160838,2.185802579789059,2.5881248376679094,4.180096197132512,2.0925544289770657,3.366160854316313,2.136701771451124,2.275280109126527,2.1855174420759163,2.302013914854161,3.8534150427127805,4.576863736876622,3.8935874781485116,3.154995809178396,3.0029111955389403,2.8629134057766277,4.126174442352504,2.770144417558083,2.862725910986126,2.434881163739918,2.4167932369245197,2.482181399943954,3.1609073774419776,3.5621109878668418,2.7039408824738262,4.241734873710378,4.476407718739628,4.636997425714841,3.140430341810614,9.48366650390625,4.309653165876136
0.0,0.0,0.0,0.0,0.0,0.0,0.0,0.0,0.0,0.0,0.0,0.0,0.0,0.0,0.0,0.0,0.0,0.0,0.0,0.0,0.0,0.0,0.0,0.0,0.0,0.0,0.0,0.0,0.0,0.0,0.0,0.0,0.0,0.0,0.0,0.0,0.0,0.0,0.0,0.0,0.0,0.0,0.0,0.0,0.0,0.0,0.0,0.0,0.0,0.0,0.0,0.0,0.0,0.0,0.0,0.0,0.0,2.053900740049095,2.524367468772882,2.3639587900398773,2.0164649478379273,2.8836907433536405,3.332333534850141,2.29043534402674,2.059972249031664,3.6521620384090503,3.0511332209306037,3.7077915482836517,2.082753080421746,2.028637320887211,2.4267941955956958,2.186904338511609,3.193992489961765,3.137656178401438,2.7453531110722933,2.9260161664631696,2.3518551035176825,2.5460299608302828,2.313787285618114,2.312528040547364,4.117957606189931,2.8867223472263657,4.878736704588764,3.3213912961425787,3.496369351997713,3.3482060133647673,2.571238519837197,2.9062289605284417,3.9910793462178114,3.5872183641218056,2.6962465319442708,2.4130538536040262,2.468865336608701,2.945261917353276,2.0557107608268756,2.967445407171039,2.94119661600429,3.257937569168331,2.3697375349854304,2.442004483974517,2.2086511438945515,2.4831981788838267,2.382409648946,2.3253804919706242,2.092158087929461,9.7112666015625,4.446066288300617
0.0,0.0,0.0,0.0,0.0,0.0,0.0,0.0,0.0,0.0,0.0,0.0,0.0,0.0,0.0,0.0,0.0,0.0,0.0,0.0,0.0,0.0,0.0,0.0,0.0,0.0,0.0,0.0,0.0,0.0,0.0,0.0,0.0,0.0,0.0,0.0,0.0,0.0,0.0,0.0,0.0,0.0,0.0,0.0,0.0,0.0,0.0,0.0,0.0,0.0,0.0,0.0,0.0,0.0,0.0,0.0,0.0,0.0,0.0,0.0,0.0,2.715793118863701,3.4519212831295443,2.8479301382607716,2.520624536995219,2.29538732595184,2.1842145747302446,2.212477153825723,2.541819537319358,3.727413741699939,3.2715091682964683,2.3804666170046853,2.254813657546943,2.5093311130147136,2.9475671869919897,3.469569266206225,3.796017781748132,2.742916889806592,3.083601460327501,4.072531132337284,3.0948495903408673,3.3681649058674092,4.170025375848445,2.4595205132264977,2.312225188062221,2.7186784449357866,2.0984060316681377,2.6576048597071993,2.226041354048189,2.0422076343923363,2.2804760931697494,2.1312791213779856,2.444902439999194,2.540402713758135,2.063262216100099,2.5535837394471237,2.7221957622487207,3.0131933660457655,2.2617781508871513,2.6980325289955043,3.3003837512351626,2.4306322602385406,2.002074844555178,2.501843011471153,2.004883410721746,3.4140769042968753,4.674456290577248
0.0,0.0,0.0,0.0,0.0,0.0,0.0,0.0,0.0,0.0,0.0,0.0,0.0,0.0,0.0,0.0,0.0,0.0,0.0,0.0,0.0,0.0,0.0,0.0,0.0,0.0,0.0,0.0,0.0,0.0,0.0,0.0,0.0,0.0,0.0,0.0,0.0,0.0,0.0,0.0,0.0,0.0,0.0,0.0,0.0,0.0,0.0,0.0,0.0,0.0,0.0,0.0,0.0,0.0,0.0,0.0,0.0,0.0,0.0,0.0,0.0,2.3497299576258506,4.045138942224877,2.017968857277232,2.8219460009585875,2.9295419386623576,2.2101147593154846,2.811800097347317,3.588242327563299,2.2228615672477448,2.9281755979437016,3.0414477108440505,3.2634331754315653,3.0907064231254373,2.3884892929543398,3.339139552871876,2.4923888074335334,3.141416388326974,2.2882062721357914,3.402671861698105,2.5241901261997572,3.192844098427321,2.91044945151596,3.6713867709472616,2.1890085048522523,2.1946114450608634,2.188164083557374,2.280254145950587,3.1866226017909294,2.7234570837533525,2.7964388450958166,2.9165627049413287,3.3280627575029738,2.5556190061294273,2.3309938110644297,2.0797181434935954,2.0247673628545315,2.5728426402693363,2.205078862430851,2.0342299719437724,2.3334815904232555,2.42369286561595,2.3238698728877774,3.238366637800264,2.3243855731179583,8.497260009765625,4.683515606359448
0.0,0.0,0.0,0.0,0.0,0.0,0.0,0.0,0.0,0.0,0.0,0.0,0.0,0.0,0.0,0.0,0.0,0.0,0.0,0.0,0.0,0.0,0.0,0.0,0.0,0.0,0.0,0.0,0.0,0.0,0.0,0.0,0.0,0.0,0.0,0.0,0.0,0.0,0.0,0.0,0.0,0.0,0.0,0.0,0.0,0.0,0.0,0.0,0.0,0.0,0.0,0.0,0.0,0.0,0.0,0.0,0.0,0.0,0.0,0.0,0.0,2.7989920039042415,3.4408372336745137,2.2711951371702477,2.0837190839167548,4.399298096719665,4.345245388771193,2.4813144317667857,2.2894189036707875,2.957538229408412,2.1231189346118793,2.246970661466428,3.2430583760553904,3.15766970849623,2.965477586368446,3.3920038019674013,2.8617834115456136,2.0543527805622217,3.030687259117299,3.873086337465295,2.070805086259449,3.887752152420389,3.1812461964341736,3.8743850534481954,2.757308075837525,3.8187324221358887,2.706158949909094,3.0118307521153684,2.703029875286466,3.4704992112713007,2.5276492311684096,2.223161297001822,2.8540321006918465,2.83682745802129,2.603560359858351,2.39637625592283,2.9163713904428867,2.7313370683811993,2.058413329064247,2.111065827486618,2.1695128229428313,2.377412243123113,2.2988500725701195,2.2723018112152684,2.030335673164475,6.297076171874998,4.91431399206168
0.0,0.0,0.0,0.0,0.0,0.0,0.0,0.0,0.0,0.0,0.0,0.0,0.0,0.0,0.0,0.0,0.0,0.0,0.0,0.0,0.0,0.0,0.0,0.0,0.0,0.0,0.0,0.0,0.0,0.0,0.0,0.0,0.0,0.0,0.0,0.0,0.0,0.0,0.0,0.0,0.0,0.0,0.0,0.0,0.0,0.0,0.0,0.0,0.0,0.0,0.0,0.0,0.0,0.0,0.0,0.0,0.0,0.0,0.0,0.0,0.0,2.449133246001541,2.0160921263175102,3.902701612083115,3.255773924494582,2.9471907235500336,2.4756853493469175,2.6311051619504386,2.4721409838646426,2.006034744957366,3.8889449047755553,3.1664839938550235,3.220254339525905,2.4073048522103275,2.034425167850049,3.533734052680558,2.6282731040370395,2.3301319971222716,2.752396197481614,2.2692900264429614,4.032260758681601,2.5857437533364496,2.3872106197946565,2.6396205791500527,2.7910038750487303,2.0223958342892945,2.288215471676963,2.93598001042824,2.5945438062760666,2.01658805265081,3.113926317758113,3.8018609436188506,2.147391293249644,2.298135875358448,3.912339382734176,3.198639594014167,3.2028705417968677,2.3331567857168167,3.0113438939338804,3.371351486339152,2.75001250572274,3.0625851180922505,2.716737359210854,4.096597928815631,2.643324812074807,3.452011474609371,4.652505538139199
0.0,0.0,0.0,0.0,0.0,0.0,0.0,0.0,0.0,0.0,0.0,0.0,0.0,0.0,0.0,0.0,0.0,0.0,0.0,0.0,0.0,0.0,0.0,0.0,0.0,0.0,0.0,0.0,0.0,0.0,0.0,0.0,0.0,0.0,0.0,0.0,0.0,0.0,0.0,0.0,0.0,0.0,0.0,0.0,0.0,0.0,0.0,0.0,0.0,0.0,0.0,0.0,0.0,0.0,0.0,0.0,0.0,0.0,0.0,0.0,0.0,2.328724504679633,2.3583030390342508,2.189482582576674,2.0725140839968197,2.2541235360753853,3.2421231718000763,2.8499331749937946,2.1231185333913936,2.792119602752782,2.4232672028505955,3.109029204883513,2.1972169678512103,2.1192120029635464,2.947561444868019,3.710135575081027,2.42278293067084,2.8372264698279634,4.459002501505279,2.1688088936471557,2.4272861635723775,2.534403992721137,2.2736223084716682,2.0565910377213448,3.580513834311846,3.255827909444172,2.718532773862933,3.031151547932273,3.119918395717012,2.153845639453144,2.740210254275824,2.0105750268150193,3.173054639973798,4.185070476268821,3.325120466353092,2.757334820227283,3.139261278369483,3.0888307562383956,2.5758665435067907,2.093810809267759,2.5025011955912713,2.9994777164956923,2.1632863550642756,2.960040406162872,3.0172432230287374,7.966178955078121,4.47198061324182
0.0,0.0,0.0,0.0,0.0,0.0,0.0,0.0,0.0,0.0,0.0,0.0,0.0,0.0,0.0,0.0,0.0,0.0,0.0,0.0,0.0,0.0,0.0,0.0,0.0,0.0,0.0,0.0,0.0,0.0,0.0,0.0,0.0,0.0,0.0,0.0,0.0,0.0,0.0,0.0,0.0,0.0,0.0,0.0,0.0,0.0,0.0,0.0,0.0,0.0,0.0,0.0,0.0,0.0,0.0,0.0,0.0,0.0,0.0,0.0,0.0,2.6377761660364527,2.51329513130207,2.1348936007005785,2.559395428718064,2.022107304064274,2.48489239599745,2.4354744621245668,3.383720372576074,2.4059245265647395,2.7926183439319594,2.985188329544297,2.736357323962939,3.4208299062340046,4.386846419425953,2.5119911808713273,2.1819175622403573,2.1479019112981503,3.5912162764360303,4.477283675137225,3.3273582571420643,4.257971639433018,4.060257802619965,2.7723683713127603,3.4359783457424737,4.269921382208668,2.189796981917482,3.638722582212893,2.5761819026557276,2.0495143340031365,2.9570222446373258,2.6231687410890316,3.5131612799547103,4.158717985448606,2.975636992969637,3.3080433731541166,3.2914809487678496,2.9194638480204826,3.199975124967174,2.11168931423751,2.419192442847858,2.6566227904202413,2.316345154067502,2.7607677516164357,3.0780815680720632,8.004111328125,4.895913995708691
0.0,0.0,0.0,0.0,0.0,0.0,0.0,0.0,0.0,0.0,0.0,0.0,0.0,0.0,0.0,0.0,0.0,0.0,0.0,0.0,0.0,0.0,0.0,0.0,0.0,0.0,0.0,0.0,0.0,0.0,0.0,0.0,0.0,0.0,0.0,0.0,0.0,0.0,0.0,0.0,0.0,0.0,0.0,0.0,0.0,0.0,0.0,0.0,0.0,0.0,0.0,0.0,0.0,0.0,0.0,0.0,0.0,0.0,0.0,0.0,0.0,2.257003116458943,3.332752340811244,2.0141328975368653,2.87028564779607,3.8391504024077423,3.2092150890534126,2.575845443800256,2.677401916248106,2.263200494274914,2.0460289451686267,2.1205202265125647,3.0434935312185134,2.2258928669404225,2.2108730230370233,2.0531140037567286,2.0341177587862647,2.2147896865254406,2.4514990380888246,2.89226142658528,2.455494756650822,3.2349809340575693,2.5187918784698673,2.3595926580117985,2.3841005284582235,3.3902314481035916,3.9115345375435333,2.1698397300856356,2.3037068146042037,3.011640151012185,2.7906159725977995,2.2517030608948607,2.6156974107045206,3.823726141954657,4.427226362120499,2.5558793040537098,3.434262229503296,3.10600537292372,2.1620823713205315,2.141244084131004,2.884160660352711,2.1932852833583105,2.7903659557164717,2.6346347432566004,2.142736770105685,7.6247670898437505,4.445302380197318
0.0,0.0,0.0,0.0,0.0,0.0,0.0,0.0,0.0,0.0,0.0,0.0,0.0,0.0,0.0,0.0,0.0,0.0,0.0,0.0,0.0,0.0,0.0,0.0,0.0,0.0,0.0,0.0,0.0,0.0,0.0,0.0,0.0,0.0,0.0,0.0,0.0,0.0,0.0,0.0,0.0,0.0,0.0,0.0,0.0,0.0,0.0,0.0,0.0,0.0,0.0,0.0,0.0,0.0,0.0,0.0,0.0,0.0,0.0,0.0,0.0,2.3108684567781532,4.405917023936295,3.498773120698656,2.536722001578655,2.2173771356519874,2.1997163750753645,2.5825494511078118,2.2864862947807483,2.441768702713539,2.005274535111717,2.000665113725297,2.3431341157943204,2.0786687705151747,2.000149089679843,2.132552207919003,4.340352534230498,2.0020056113321134,2.3678619211293093,2.4870600384523547,3.2419592481771944,2.0376664227063706,2.8010950625582143,2.234780948290619,3.6692387572351235,2.2197815374036174,2.0503279161007475,3.2038289425284336,4.164698070762986,2.277854743009605,2.0172810125848413,4.29795874458093,2.5754175557400125,4.487041128338161,3.677222658063355,2.1641805742166222,2.241765527651319,4.375401758523282,2.427945229923183,2.539032789265306,2.8107918324302155,2.151365519493941,3.275511927994266,3.553867649228248,2.253180861893257,8.383449951171876,4.46693541985796
0.0,0.0,0.0,0.0,0.0,0.0,0.0,0.0,0.0,0.0,0.0,0.0,0.0,0.0,0.0,0.0,0.0,0.0,0.0,0.0,0.0,0.0,0.0,0.0,0.0,0.0,0.0,0.0,0.0,0.0,0.0,0.0,0.0,0.0,0.0,0.0,0.0,0.0,0.0,0.0,0.0,0.0,0.0,0.0,0.0,0.0,0.0,0.0,0.0,0.0,0.0,0.0,0.0,0.0,0.0,0.0,0.0,0.0,0.0,0.0,0.0,2.930541398691971,2.2492085762183427,2.628964217342604,2.0143059353420183,2.175389115066254,2.007261474840283,2.1976760764565646,2.2884247082331233,2.2892276955767477,4.191482056084445,4.291025786595571,2.2483946698659047,2.7469744468292228,2.5545108956321436,2.1990346425412133,3.4553561240843544,3.252233630173844,2.904691062585156,2.657594849528191,2.1966908101555798,3.5497746986882626,3.598487261267973,2.6147323382225283,4.169327818851093,3.6534603906725702,2.0321043423942697,2.5235421415326975,2.0863702773627297,2.31624674802667,2.0193451143836922,3.5289695985972402,3.5303499226965873,4.320583429050844,4.222463799738991,2.642308241412859,2.050803352653717,2.3639932219134403,3.569679472425014,2.3291453647486797,3.9861334800236006,3.5403071329124147,4.051313799831684,3.4500027307722148,2.2018312719420914,8.87659399414062,4.627184709006757
0.0,0.0,0.0,0.0,0.0,0.0,0.0,0.0,0.0,0.0,0.0,0.0,0.0,0.0,0.0,0.0,0.0,0.0,0.0,0.0,0.0,0.0,0.0,0.0,0.0,0.0,0.0,0.0,0.0,0.0,0.0,0.0,0.0,0.0,0.0,0.0,0.0,0.0,0.0,0.0,0.0,0.0,0.0,0.0,0.0,0.0,0.0,0.0,0.0,0.0,0.0,0.0,0.0,0.0,0.0,0.0,0.0,0.0,0.0,0.0,0.0,3.5869230553306806,2.5861105525221486,2.2815303544766157,2.482879279442045,2.3723288451693936,2.3794997909023734,3.529151327085308,2.2415286954052287,2.806014695323361,4.145238246389592,3.756702532438314,2.3757686989885753,2.6275973578601493,2.057959737540326,3.9429162973848704,2.1295204265391012,2.7429422356031723,2.8412749508981334,2.11270371164745,3.9469744606791837,2.119110587359025,2.5825139017907244,2.9049203937928,2.5419701138021766,3.4351839733507927,2.427977656210653,2.0240059159240182,3.818663582840376,3.690967196187374,2.5252416224557996,2.005913836819276,2.605378749541834,2.6633193237880186,2.5263421416557983,3.1302281751628915,3.0640415193115076,2.124451601297785,4.144578162571309,3.729102548795689,3.0740798483574623,3.5581678945038737,2.719380839798374,2.1206599316983397,2.698639527859071,8.990393310546878,4.679033939818702
0.0,0.0,1.7421493239715085,2.250546324825564,4.473449234511649,2.7578554683241046,1.5305759324047803,2.4782626084759545,1.5748334318167019,4.440044344999942,3.201811052246794,2.041243118358232,1.7707617007232563,2.5192833290047916,2.32570856946673,2.2639672195334106,1.9886289209899357,2.616304928701564,2.7837006947237217,2.2803818721804814,1.7690456922264755,1.8466124434979732,1.9095228597558793,1.7972357476163916,1.966535186690098,1.5237481853262382,2.775269534536851,2.742222093258648,4.558713209355548,2.696387958564494,1.5551942799795502,2.9081972901884576,3.1581431228778722,2.5335885965282503,3.4705469810272254,2.260149340869234,2.2959205865648644,2.0983225761654523,2.594732756398101,4.553381639434994,4.48852838929982,3.773655577660551,2.379033654353702,2.2572802304676833,4.515020145243068,3.4621015734174354,4.6505492163509095,2.129502316814927,2.349270747902297,2.8135898044468073,3.3468946453329744,3.129021193824464,3.7530563960485686,2.1498115899983925,3.0317669065266912,2.307953897552054,2.24059839133299,2.6648593598652823,1.5182078812307083,1.9172614155015844,4.170923192974306,4.760976781195366,2.2027713634493526,1.524017092623357,2.146344553919701,1.9130559710202977,1.8527326241476798,1.567231966841667,2.8297782999925873,1.8360806858732892,2.6342990342422086,2.0267273205142073,1.69046184505986,1.501554521317191,1.5912161032624759,2.233117231248853,3.523847548442668,4.267379881471063,3.9990642565120584,2.484767589257116,2.598208233935649,3.010436033414776,4.367099007053018,1.7690912681149273,4.874316554510149,1.6551799243185963,1.6921167240738055,1.5442316649319348,3.8123484131585097,3.1637069834902345,2.791272818088534,1.8835394732913142,3.084992995147898,3.1486801262965183,4.90495898976708,2.3516307158025493,1.9116237251844415,2.309244165002698,1.8815952891269057,2.176478537254784,1.8701812859664142,1.6944776983166527,1.5375891484771833,1.6173655193788332,1.7418946501207913,8.042093505859373,5.494332846298166
0.0,0.0,2.3272192141108103,1.8464753009771366,1.670599388467773,4.269922545498605,4.705505002815328,3.1914394137080384,1.9770994704833424,2.739042120249583,3.231183781100208,3.3395778522902506,2.1011983515999453,4.6329400585030704,2.2942779848580077,1.9720730500225627,2.8048045606337104,3.665841536347438,1.8222977217623455,2.6299328125005474,1.887200657344979,3.0997232383012734,2.7064679855177673,1.7690567968284376,2.0009992628181825,1.9749891497548846,2.1081997758928632,1.5437721697474651,3.5606048299609725,3.12590455408854,2.799726332350043,2.7130022674871888,2.401545892497656,1.681291561633989,2.6343326015344837,2.823773276012255,3.6176162921926593,1.9052754611835978,1.7935025086284737,1.6573653929590673,2.279311453420281,2.2428396328696407,3.3491737175727243,4.390468348254903,2.1414464093466985,4.099032038425575,2.241672200448266,2.55184562544704,2.772756455426191,1.6346124580023291,2.442196266986638,2.23464710625905,2.4844017190787087,2.20161186881833,1.8733707538333555,2.4870000822064453,3.565812771504421,2.3294317175583825,3.0791036174418274,2.3940432245622,2.3536985859778508,1.9425529599042721,1.9600982885659102,1.630160473536591,1.9328175736371513,1.6664235587140899,3.690452665141291,4.160413828646639,3.0235033289741713,3.7165343839722635,3.159340444419316,2.0215193973781234,2.896367922149206,2.1615208413895504,2.4858356259554784,1.7965046233555027,2.6515187029282794,3.8213740132234806,2.6352116941271744,2.0850094535502555,2.9184670590460047,1.6383320061030886,2.1517356083172796,2.2473234686968344,3.1288247886787137,4.4999643330783865,1.8253746919271152,2.5160386997853172,1.9618860812570948,3.0225316341893618,4.49684994091671,2.997818021225627,2.806532574059301,2.9298761156397655,1.7028807180664347,1.5059168532615839,1.9363957562572993,3.7631406558434692,2.919715235716832,3.1960058468301114,3.8746430810423753,2.1272554266687234,2.089807683682792,2.0217858999206992,2.0923205113020633,7.511017089843747,5.480212957707171
0.0,0.0,1.964121104358542,1.7904124820420044,2.085649042471466,1.6940832645686357,1.527660654685138,2.039663622167159,1.7561653651097089,1.509167716991332,1.7009392806284338,1.5349909752759334,4.889152648683993,3.1661145802777115,1.5684982239475396,1.771064034015921,2.5768290910927942,1.6360105625303165,2.649611903265528,2.037764456411768,2.1985126322496145,3.387432513529084,4.476938049854122,1.5563733564446927,1.9479636225886108,1.9553822909076624,1.7600929621207515,2.136853157567526,2.9683280607639615,2.0658895670942368,2.807934628075723,4.4193369990054405,1.8642800675237692,1.6532803601523987,1.6651395695277338,1.772418561085609,1.6806524263271756,2.136281945654352,2.790805330109748,2.150389534148337,4.157582649231404,2.0559396978088254,1.6909134409304618,1.7648935566297708,3.7933365465811324,3.4784276335879634,1.9305187802555344,2.7801171933876305,2.8706811961009047,2.524652675731715,3.2370211132992863,1.7360000802837787,2.2054778475084524,2.898080105902782,2.129926495991344,1.6008381113908738,1.9274538371020462,1.6623155294531162,1.7390301485805355,1.8347218723017278,2.7433061479684038,1.7817593205224165,2.017386352557106,2.269929006232661,1.5743390956179317,2.0192085080327296,1.5191566423634553,2.611038626831627,1.818836452617201,1.7235055121287246,1.7692149356032905,1.6200353496566473,3.5342278632789577,1.6820927527156586,2.5703970031826944,2.874561654768653,2.0126940398616333,2.3794045854538703,2.7083365602227203,2.241206235063886,2.030747757126766,3.893262107992444,2.988460230758578,2.3349894774409745,4.3138575800134555,1.6541436379100445,1.577237010149528,2.803655285877052,2.6609468996789722,3.502003481044815,2.306096367264009,3.686524866416146,1.8785346132723248,1.9099009850283295,1.7385944087061491,2.3990712428713548,1.706917997599976,2.0190879998853197,2.5180990056779007,2.0594573396862437,1.9655322146124887,1.9217340537611716,2.0452680320177112,1.6214983873827746,2.6639300968544464,12.025218017578126,4.759759970422515
0.0,0.0,2.5944021870386322,2.208657545838222,2.076133606646904,2.4932691177643584,1.5853588776535708,3.2809886121019796,4.944857905589499,2.0167324099941584,1.9146933277822973,2.182723559783422,1.6337120883266487,1.622775294613108,3.6501240342374905,2.9755155630879324,1.774108411133829,1.889836218369572,2.4928723415608656,2.527974515006999,1.8609169884076,4.161161941830706,3.42685803824067,2.410765006972552,2.2137152238753295,3.9346184162654843,3.0993362882056994,2.0688572815293846,2.796239215596014,2.5072395562676824,2.211190580512108,2.3463233631914893,2.656863056220257,3.1050919638367547,3.9439402455610706,2.5851471928944756,2.7815926737783205,1.8795487555359618,2.7322709313315565,2.520483682695233,1.971026149567318,2.6441212594900403,2.045032421011608,1.5144971336579582,3.216789913644628,2.1383276414110592,2.231612786404051,1.5306916668098804,4.202565302697903,1.8730891628368302,2.6839716584036246,2.436439455574342,1.9567938633078164,2.6944688204917973,4.951425321248748,3.2986650680662972,2.7069810547579665,3.3292151626505504,2.4995367618314708,1.8347292898273546,4.007997329825275,3.025194457609824,1.8428318726519342,1.9922109613228434,2.682372158385014,1.7030041900712287,1.8700600491041692,2.5974351650408063,2.263501166055304,1.5015610165877213,1.7580302340544434,2.115746383237118,3.4533055447388863,2.9483065622407434,2.8079283349247595,2.8932844434937035,2.5335994855890354,1.7913244979763776,2.0727666746547335,2.1531072768766624,2.32257662280346,2.3624698785814036,1.7628650744192707,2.1260733612346847,1.7427007722492647,2.2499875646002985,2.0578604501263196,2.177830669570336,1.7421977740825965,1.9945582638480055,1.7779497825341357,1.6366910069375102,1.995298640165963,1.8718526104934177,1.7202592603563,1.7320898425202431,2.0206445498034937,1.5806285876833988,1.9114529471714168,2.37202842594265,2.8485791606424486,1.8138223416469568,1.606995204704001,2.2521813529572507,3.5065747539924907,10.35610595703124,5.264344565662928
0.0,0.0,2.08873874669729,2.9351536873466832,3.1168307486135767,2.2816856556208003,1.52857730638006,2.4583375195310855,2.341352524023966,1.8548145846521746,3.475939038853462,1.7467505572534965,2.374373177155935,2.5774306049206457,1.8756398596630313,2.341837612959227,2.5707438170475427,2.206851367746591,3.109687044875731,1.6436697100793982,3.3890293440798986,1.988737559177695,2.5744443069003866,2.472367752077515,2.7247370541429734,2.3104722577907366,4.201024366675494,2.9665314573700625,2.4420130578439294,2.105837623004911,1.9125474820755322,4.492789942604206,1.6679390241829848,2.74854638451052,1.9288623449073126,2.668354304681142,2.67365041713191,4.0612102501938505,3.482183678727394,4.365508722330166,2.7614996860075944,2.3241305482328496,2.474270812186955,1.8540105566936962,4.341310416212673,2.9627440336992974,3.225421310741298,2.397028215744315,2.4049765777537857,1.7532545906273458,2.58470658006362,2.824249522045265,3.1096287400425227,2.135252166228147,2.066271649275991,3.991152778450973,4.120971780507355,2.075540983537235,1.966751586967029,2.256862736394993,2.9250689147875697,1.5680861031800655,2.3793930012733804,1.527498895761312,2.7169209783281945,4.08543279808091,2.570284128445281,2.8057258080779226,2.505097602303039,2.7427915703613346,3.4825722879618346,4.170740549060529,3.503986626759428,2.6142061585162826,1.5055930267567033,2.4115625052401835,2.310223045509096,4.2943017741656035,2.07689950642057,3.3829136475600583,2.782128902804808,2.4814355269073074,2.0228151073575686,1.596068280563862,1.6758666158972826,1.7410678939289566,2.3195663444335053,2.8080304536314573,2.410716239436489,1.8626659792912794,1.5842920898191106,1.5665783640862512,2.74160163754903,1.7777767133494264,1.621051457259087,1.670137996544186,4.537834651477557,1.9277403951116245,2.625963272675647,2.4810211690996007,3.8720485746263944,4.874452069685456,3.174485045118329,2.1002646148194386,2.2007689565292488,9.331873046874996,5.439271932523859
0.0,0.0,1.5741560279288394,1.9886509091772413,2.653879992449616,2.5043082093078493,2.006296701728669,1.7593309584059242,1.6966491713354352,2.7503491275762997,2.2129585436481536,2.5578241865102056,1.6986458106866733,1.9880347903087154,4.6631593151009865,1.6646681640932242,2.4770293309551032,2.014103526356109,3.7703281051582302,2.5997145558120116,2.8095256144475584,2.915032269123647,2.1892513115930177,2.362995671412889,3.691942363545635,4.140149626510942,3.2020410515199496,3.437906795251018,2.587481090004867,2.0089268208784157,1.8904681385955269,3.609523703806269,4.5048576377096845,1.9036777774604825,3.388053712563826,3.303404548119508,3.586737076402032,3.8470765820388513,2.769462108421919,2.337891805642431,2.52086650707077,2.456906477069637,2.6194249061945083,2.599787136906264,2.2057750797554077,3.7268388298386066,2.236549080627838,2.4985685548700705,1.8956557134973098,1.8274322885623737,1.5437078581099812,1.5075197666774927,2.1103472427288983,1.6393190308487202,1.7279225196348518,4.572431419409521,3.4557996711991987,2.5747075253902354,2.3913918805124315,3.0801976504092354,2.2391190985929703,2.4790069955441427,2.2213700594203902,3.744187696983833,3.181309618763032,1.8733316446915516,2.3224273322782873,2.7882136068811336,1.8982436458617193,3.2038829626315777,3.2152311289384707,2.2982834515907116,2.4259231780476216,1.7726422823221823,3.0370975603438928,2.7476791838106487,2.095783853202564,2.9238083350052517,3.8341276542950538,2.3273906060881626,1.8038492338454766,2.6347431359068363,4.530087068890017,2.5034696826312826,1.7762623889923264,2.5129357539891046,1.7843568594793553,2.112683759205036,1.800190331977992,2.24862268912075,2.167865128767776,1.9962586537760183,1.9670349304267052,1.6117769324106446,2.9756459303468943,3.401293952208823,2.306129663799328,1.659927493215926,1.5432245679404164,2.322660573147546,1.7179128606504745,1.87051441407561,1.7900292073320918,4.848475949352078,3.3535148568366977,8.345572753906247,5.420740700579144
0.0,0.0,2.4048282295907204,1.769349555321895,2.3851492594543466,3.9930621873876637,1.7773283232509622,3.757427843400273,4.436377409057808,3.3266279783155626,2.3167160318434514,2.6063125638404085,3.8950331769323556,2.2974276916898186,1.578226724722759,1.7239573850538206,1.9435761560238274,3.025234877484942,3.3736237097254684,3.056581510772033,1.642251449748164,3.089896633149039,3.9684624684402316,1.6623231825796603,1.6350107232819333,4.737332930636743,3.853514387603805,3.320707344865409,2.817597198036073,2.5541648641123387,1.8510569031760324,2.717234689927059,1.8518536584441752,2.360800416578212,2.295672256710604,2.262733138546441,2.1760326984512517,2.3032440615760787,2.2010710257511006,2.575807781441889,2.782382285248491,4.799842439823739,3.8473874401640837,2.324475626435037,2.4957302834841677,1.6931686334880316,1.7651399021440548,2.741614215364039,4.714865567878402,2.0352853963433963,3.22170205235891,2.2007784615697634,2.159836919738674,2.5859249846756542,2.5074583793337775,3.0493648379778673,2.0691339907304633,4.181950036228601,2.656594732283392,4.070816655670867,3.090936843433899,2.4568937388854195,3.444938989377042,3.115783733974674,2.541576150833602,4.366434235024576,3.0594542521776704,2.9513786949025835,1.7725854867110216,4.989243557635989,3.0374830972239457,3.41479145916794,3.733768083490776,3.675582523583928,3.8312946571168522,2.486635716631384,4.5193070770922725,3.4145259414527627,1.5753215682506159,2.494148959682612,2.2783853154443525,2.4854468537305467,4.231386923871613,4.942668256348367,3.6089545935076393,3.91355152719189,3.01195002492062,2.0326703552332988,3.5690442729872753,2.4336880807750902,3.4870578746812924,4.676858554619072,1.6072213946418357,2.176830725407173,1.9996206610365341,3.1455509333628227,2.9169127057843114,2.8248946689221444,2.590324832336275,2.3083332123841895,2.242285175588415,1.986485868398178,1.9148966969738237,2.1245534164851927,1.6338404939190356,4.8556037597656285,5.882628370718486
0.0,0.0,1.5635648095052204,2.0598057585031624,3.291722712876687,2.9829093029776788,2.197967830960493,1.637973546766556,1.6469453795549107,1.7702202464422578,1.8206182418921744,1.847344359948686,1.5952514340141868,1.516452582320804,1.730014051266219,3.7693555206792104,2.313062361731243,1.5484166925177858,2.0249854622471037,3.22562105743155,2.24052431151993,2.122831161837213,1.5151444713274262,2.4807851072289546,1.7749276152287883,3.3237369662194296,1.9168278737301745,3.11338906580176,2.9920875128124123,2.2670997255053207,2.4795797800626986,2.2389695256330637,1.8798628117175045,2.0413310598236554,2.711568254190418,1.7987690551465005,2.3662249907968103,1.8191223975136022,2.1404504996548477,1.7814446739945886,1.8367036125720855,2.3079591110463724,2.2567205455070543,1.6033305512453158,1.5765432623105773,1.8336121908585308,2.3474593232960723,2.8091886661607726,3.4674197531553665,3.095085982184028,2.0922227430061775,1.9165465096323966,1.7415075626772305,1.8337156744167142,1.6018889599748896,2.435362865860057,2.4924254239062624,1.9436590541260854,1.9644802263668963,2.9191956746189516,3.6066742356787684,2.2215948724577514,2.3000794581313175,3.5421798129661863,1.9760893719305028,3.1231122395798017,4.378114363944245,4.375341306539229,4.37289462951713,2.860263151187085,4.646562539949256,3.047026770833899,2.2087329437025014,1.9586417946620336,1.5581279619441248,2.952888688945776,2.9436728505432574,2.8469787266442417,1.8783229150580905,3.889811242234201,3.9729426248824575,1.8329811156972222,2.551985863676242,1.7695496626693474,3.0460697522476177,4.051838976887786,2.483411204195143,4.65102062664945,2.2312640284013594,1.6079599967645184,2.8377909576758,4.567043044385311,1.5097685602416502,3.0995710141313126,2.8294936552357113,3.1963536322410664,3.957117856792515,2.939762207131431,2.520168415302696,2.110575351189094,2.003294738786061,2.319862281971772,1.8396115194250755,1.9102610652222496,1.872235434568885,7.6248120117187455,4.8978480630794055
0.0,0.0,1.73079727400732,1.532724779355939,2.5611567963896955,3.1906759231704407,2.446366033013239,2.4771877617884828,1.9894930868963048,2.7798364019125783,2.9351062785525484,2.2696612668593357,2.8551908677036186,1.6720129084622328,3.3168087083504125,4.4699410945421985,1.8627548962917322,1.68393349183905,1.8638266911309018,2.680593040379194,1.6335898353947043,2.455648383736066,1.7025882863568174,2.1856741295829547,3.7352788134013726,2.1960804506445184,1.6576421253164737,2.01376362637398,2.1873897457178417,2.69431717716408,2.7288884387911416,1.5705898189005605,1.848106970084904,1.6239570277813342,1.5861241048818238,2.24425196698357,3.507830595068789,2.6421637204915074,3.100378842469883,2.8207867039450316,2.108094390195865,1.7366025698299539,2.3536785081274623,3.6077009597928678,2.2820232561782308,2.200699744034417,2.141192435748649,1.8093515582290975,2.636616673267049,2.3280815847755467,2.6393504282157614,2.7645663060933265,2.454215056762817,1.9202908019435083,3.423460963067427,1.781235435913642,1.9466550278007257,1.710609996731277,1.7147459799339853,1.5159055860394217,1.6560742999598308,4.834981222486118,2.6990441412957944,3.361316555853063,2.68801629914191,3.3876040166378374,1.5437206997424269,4.0176732842489775,3.8006416482104757,1.826355780637932,2.0691205200560647,2.7084992094410705,2.616867415753577,1.6626795816483337,2.6567334113452907,4.391104353120004,2.089311387435139,2.018496480771613,2.2012065011809594,2.6788397095771765,1.5745194501110864,1.8904563675777004,2.4003566627721065,1.8279748112559089,3.2433751887603632,1.7820561796269752,1.6209321190448622,1.8718571126326358,2.0193734936247947,1.603359922589904,1.824018268061489,1.8666061359946728,2.0128406585936003,2.0532514148265615,2.467475534952717,2.81900924457627,1.7354052151062969,1.7064177889310068,1.7818677575449369,1.605481429579111,1.562871998262193,1.7182627056958906,2.925080489602339,1.8613420023367082,2.3005567433441314,13.049418212890629,4.982347853681223
0.0,0.0,2.3605490319643394,2.9363397916255902,2.0275211280245142,2.120626013472751,3.34586559389179,2.478140912546743,2.4321527421851927,2.037671924193697,1.583724124569906,2.140767780855941,1.9316164147453203,1.9733286178018787,1.6666505507214393,3.6350451175695455,2.911410205432935,1.9992991916250153,2.7497305956530393,3.690775964995767,1.8044908352855282,1.9359092703140457,2.153406929079515,2.2775180508310924,3.870719653416653,1.7794104046161663,3.4716475676376506,4.216300599789915,2.28361622279114,2.4189725591055633,3.5565513778587063,3.581005176963753,2.016420047117654,2.3736348203857127,4.67874953135874,3.5685987130854633,4.471603337385872,3.7070790369303843,3.076758104929755,2.280721415746102,2.8035815872680696,2.239008943704424,1.9050498779455174,1.8542815666763115,3.593703664352492,2.3505414666386537,3.0954739414427035,2.189033716829739,1.7663905815194154,3.0726868248083945,3.729088551425109,2.3516846574252104,2.2814087272271153,2.0515575784865074,4.42693297816422,2.0213066208047636,2.755290911980191,2.4542336545127825,2.4726506437256117,2.752904263403125,2.818208180745602,3.1057141867190916,2.5548253874967592,1.9635444141996259,3.7752927954809055,2.4908579807333555,2.75785297641505,3.8921166387115496,3.0354133378729093,2.4385876759875145,2.696324245503399,4.077720927687348,1.6657653287873981,4.377821211037394,4.28432017574398,4.640548116569969,4.275356897502498,4.259337281677997,1.8123446468847708,2.2773977306579085,1.5376179763728344,1.9773707034785792,2.1545222009523317,1.55007715613237,1.9440259599209608,1.544466083230646,3.2816220770211078,1.9958035869193347,1.6528445154885758,1.6278778088345007,3.2084025069917947,3.455212044898924,2.457386637624566,2.58135590520839,2.486065885342698,2.7721878926480144,2.540565227681637,2.325057353903284,2.578919592657117,2.3623725439124845,1.9599826702930463,1.7885034962652928,1.9069166024374395,2.0280311554339683,2.012269169154221,8.042075927734373,5.606347165031429
1.220109638258877,1.3437526400740687,1.3541989903187261,1.2164589695938912,1.304769285057251,2.0716644165764255,1.4421957646999055,2.206188978263732,1.9889420967970783,4.055075678895744,1.3365454974242024,2.6096777523027264,1.7472040263764044,3.8635180832860003,1.3028869946554422,1.2378195839292794,1.3374560997286264,1.2365573245407484,1.265072536200791,2.043085986810382,3.813039658456069,2.171903987769667,2.864780600557851,4.44405894194075,4.325186893008209,2.1999363566944434,3.528457795690597,2.9756568393447815,3.1436827126264806,3.557821543440768,2.73619238219456,2.9715382186725776,3.625503531222085,1.9054448109430906,3.53733107744498,4.113567272182326,2.71397154297514,3.351507862940182,1.4512565421058492,1.2476134346347916,1.4297968170117228,3.08680784144982,1.6218929988958215,3.4029830710066884,1.2713388206166214,3.795562118765055,3.455784433457746,3.0422594053192196,1.8707783718074051,1.6853188394565868,1.6360367896563894,2.180119146386717,2.541461834387911,2.1225017222048823,2.7995542809470004,1.3098395684135755,2.4481858941645385,2.0933743802406535,2.3552815165617544,1.4823696873275833,2.7402112479341514,1.698567926856171,1.72451671140082,1.2720273838250868,2.8551868503606403,1.2414152951866542,1.8423560506379275,3.6466933987500934,2.9611729630227437,1.9685224067718576,2.295560747943978,3.4078536741293797,1.860829377233101,2.415394451926687,2.404538614115037,3.5711492894556716,2.8524524736452355,3.518993809099965,4.169872386811043,2.6362188645877196,2.2381084645457627,2.8524065504512333,1.5806655076749645,2.3454748038735547,1.8418819844796028,1.8761524041304685,2.2665404043796813,2.1996432299576756,2.4108911493796312,1.9873604977397925,1.8755288751682087,2.417083703135658,2.504663774740297,1.9373948233263634,1.953493358471218,1.8166084624246077,1.6568095010458133,1.355868828045155,1.4156358413035912,1.3056231615109255,2.528848760240932,1.7997345816159889,1.3275680633880982,1.2768818423281583,1.5819118782208905,9.445710449218751,5.09800822695421
3.051739106483743,2.255096823552765,1.9983366411105326,1.656061907711975,3.2888462713023108,1.8935643100321504,1.851699730420434,2.2107360252170833,3.0792078557800826,3.4933089664653774,3.0877259192583355,2.9116593275940175,3.3500929571423237,2.5049315967441346,2.989547651421873,3.0649732862318,1.5137762451363899,1.271355442715309,1.9882681036732555,2.4167369221753807,3.7832928993251698,2.1827250679062753,1.4347917822714138,1.9514503481944832,2.773420770279166,3.9378265738443576,1.6574086276510596,2.3002029373654755,3.1438551680618967,2.97571198196301,1.302940310461148,1.5931800204835023,1.9324329040737265,2.498340158671275,3.798625320928007,2.5671653541415718,2.850184498566213,2.9612395370682933,2.3060308149993443,3.5592790333365594,3.0562073615483842,2.907792548790181,1.5139366260979448,1.4248857079466948,2.2088709467788723,3.515230179658073,2.670318478865515,1.2829799937126871,3.1306444954331294,3.4680054660592226,2.2927109575927513,4.337140986439354,4.113701493794684,1.6067073722889296,1.4965025979000313,2.0414413972761905,2.3639544026801063,2.477434445958417,3.414763123991911,3.0740662206479534,2.6443055012157886,2.3504892871660545,2.773680565450469,2.3152146339173685,3.9950984616675544,2.9737818006725374,1.9511299308098424,2.20175017701324,2.3941759557975075,2.1042911508351785,2.5864820145291687,3.373551654643645,1.734546080310718,1.7070486351639302,1.8538132108740293,2.1425963234469276,2.1897772704264966,1.8543863129563003,1.7707895013256723,1.6971933280984692,1.4856643498142639,1.9339551873480814,1.4342083613256582,1.782765128246349,1.8808809215655502,1.5995369971997955,2.1225732666583843,1.8469799859271459,1.736654361151814,2.5240591941448396,1.4030353379229876,1.3103874898878498,1.8848958448073105,1.3272265670734176,1.7658741324522575,1.8052194697253843,1.3496738423803298,1.3966614179194508,1.6262128275914418,1.2491384419376805,1.285455326869336,2.7486192292029115,1.324817305487049,2.6356821165539173,3.6544374937440804,6.107468994140625,5.355785230150496
3.2392265582238218,2.221108622029487,1.7313525283875213,1.4928812947299204,1.341987903198995,1.6829376519781956,1.8001107995121846,1.6423083328152095,1.8213735369395474,1.5993750048432536,1.381325664021439,1.4008276448980148,1.9653843826443738,3.1917056440970875,3.008029776387929,1.3686378914648263,1.657919616686045,3.1080905912867856,1.3240347174762164,4.341119998866076,3.3985788560614782,2.2369114347957466,3.0321799594874306,1.71119554234971,1.3984709785485365,2.0309946717816865,1.3769254858094413,2.208405661756386,2.7073500423662566,1.4136755163034078,1.4044878916883385,1.788694583960977,4.0108417111252646,2.7402465250034855,3.172362137867465,2.4989614558129607,2.268842862842532,2.808796642263977,2.314884717337423,2.463518774083668,2.1698212118506772,2.5826844347427462,1.802622248503073,1.7505410412203446,1.882618651147227,2.0943528236819073,1.796777946735391,1.6605274388261444,3.215330532595665,3.5541427828683725,2.2195829453925477,2.858599888726251,1.7458932474403275,3.0819886544754,2.029434464385069,1.9652226542917692,2.453287821214912,2.7720749373475297,1.2482405144216364,3.3329217141810705,2.299610278470112,1.6266335602513853,1.2755310998365268,1.220739791391205,2.0882098944693963,3.542575995834215,3.700381950858745,3.0085920583644157,1.6320270585820635,2.5959696374274706,2.491730825425912,3.744799986408442,2.5922942729660563,4.244496992810352,3.4813509815125565,4.103733328823051,2.900857662465217,1.551223847754861,4.111222120637192,2.8878390901398996,3.835610741174952,4.42655124988907,2.815369166187328,2.9086090196107355,2.8904671020401853,1.2888534479386793,2.4121285840049786,2.2235554720433037,2.4124534878057573,1.9900238083047521,2.5539182601553856,1.9904154497638233,1.9292966289612674,3.120447638033207,1.9353371062467322,2.0945716414812603,2.0760982105727495,2.00401923461088,2.389815229765268,1.903245600914552,2.2529830772817103,2.4340645439846034,1.7327585410798503,1.591875168299384,1.9048054043759033,6.562687011718747,4.932158008394622
1.8877546760138064,1.8337566001728496,1.963298020290506,1.5870325695421559,1.2622273218955167,1.4367537980042349,1.4372671752465944,1.408782477950686,1.3703032086852112,1.4343802672524908,1.3192422363738954,2.0032956478714663,2.2831305833287026,1.537145657477349,1.4067517328054677,1.327917554794683,1.3952313130498122,2.5985466677854796,2.067692678861125,3.3469797756399897,4.264388569277583,2.5608511593738768,2.5911089565682794,1.2628151216622636,1.551159236387465,1.6377275246446374,2.213819436812065,3.1611812779049453,2.1931809049845237,2.104326390985068,2.1750857796516145,3.384376009485444,2.546548918247091,2.375090106519598,2.8003704756067513,3.1782461905411017,2.63154004026494,3.2044463646922345,2.6986419822709573,4.006952716076274,1.9180762836235261,1.4848967817093404,3.250636122281328,4.081156872336844,3.242101358424016,3.911820996422669,2.8572852756550335,2.459509387596566,3.439640922864478,3.4745700686826018,4.030573280873943,2.3579997489481195,4.181938518683096,4.3958837627693494,3.6575744469356946,3.2599647166446597,3.746221406981938,2.5527112915657857,3.7719508385040084,1.3313611629123474,3.094339443260712,3.4917180860465535,1.4935413496518526,2.4622236831943534,1.3606377137066012,2.0240755175106075,1.2228782439482169,1.2802543732395908,4.302320189071973,1.3953893577979888,1.3662486893689314,2.8669253903842273,2.2230402247759757,2.9572810922586985,2.6934080689360327,2.6637991658944586,4.428550003001777,4.102180770402705,3.399580670847796,3.742861034265836,4.469023762911353,3.5596995972317687,4.470151901082973,3.7131273738679584,4.164038111336322,4.1693990558516365,3.6499068732889435,1.7245820204345461,3.6957408985609166,1.485288880141881,3.691207546131571,3.8450963023029643,3.7317190308082675,4.469442510062805,1.355640650188012,3.046216992961267,2.3507190219678153,2.75819135968443,3.5130993630422283,3.043766261283427,2.8127545647072663,2.8800481730054543,2.678758343258295,2.6536258119193112,1.9671817546684618,10.469952880859378,5.32375417120208
1.9856021303565785,3.0664730567689054,3.9864474160236454,4.181600741757931,3.766432871244032,1.313260264412394,1.4011458735037896,1.3072623577542344,1.4582173786273342,1.337970588687062,1.675400952642512,1.3704512369872783,1.684571020816649,2.8387386037982507,3.081483390304334,2.77590927412371,3.068205881467388,3.3101651465025554,3.4227856784544777,2.2794524243584084,2.848746946170773,3.1283570514520394,2.246896013119422,2.0188356306317514,1.5705820065532519,1.382457457136528,1.4379705572870958,2.2695788877138123,2.280103742417244,1.380208206311543,1.352512280961127,1.2965985875553891,1.2921848472470663,1.9326167053914989,1.5267931330220854,1.294338376487337,1.236042798344156,1.3251415180067612,2.3486336663725704,3.1687618619494966,4.235667847371199,2.210151693744652,2.2995077129576402,3.0969275217521073,3.6210735650270314,3.029885331536848,3.219444115768015,2.0883882005670666,2.4338274124252632,2.685382099583826,2.64320744722878,3.034239500514734,3.357279446225092,3.3854108247772006,3.5633074784839462,2.9621813601694815,4.438480095201304,2.5664305080681924,4.117286111271061,3.682663016424548,1.3364469248674775,1.2641547434857634,1.6499619762413371,2.5639761194014676,4.38686267309932,2.3115017301066243,3.5113847892170087,3.549817223730187,2.822183126054703,3.114376906903395,3.3464210367058214,2.9389048529556754,2.1314020136154275,1.6776722138501197,3.377798367859492,4.168784345503641,3.0381923044491455,2.4997763837681846,3.535728895166486,1.4434704168786687,4.198490870208565,2.3831709138944315,1.904669489466932,2.517589531690578,1.7506477945682677,2.9721532839233267,2.1487294087036526,3.550189672578751,1.2498833557682218,1.27100717483528,2.630614303661116,1.9510869535249238,1.6867194813467967,2.7490260859132767,3.1230372933247303,4.291997888199588,2.560721812072377,2.6339994579175823,3.485254394665938,3.2637701425545047,3.971340457551699,3.1638001323898313,3.1188557941031063,3.3819455597021677,2.10835004346881,11.532120117187489,5.352570669250418
1.2258617906993727,3.1253786897278184,1.6486008666385237,2.4584670108552302,2.1294804077454446,3.3358457348741144,4.007523359249036,3.889954666722237,2.3814415708078487,2.411256184006622,3.095303907763349,3.182389333424293,1.5736985060958906,2.118509513716226,2.2173260147093523,1.9743666331327976,1.5668404693974993,1.310206676222828,1.5443505491280833,1.2094062934610932,1.2859411706857864,1.5103125320529036,1.2785159748395667,1.4201733049429899,1.4988233746094695,1.3396706739224782,1.447888299717094,2.758393833457944,2.391268329595905,2.314132492693044,1.430612846316893,1.5901351116519309,1.5720298269074668,1.3696910274997987,1.4483549266991889,1.904674377547138,2.264542588131205,1.4932719291139835,2.054316873830847,2.274719997060199,1.4167036851661132,2.1606595881841475,1.608178836686457,1.5709817538076456,3.604643661089381,3.6504530424041293,1.9841487839668162,2.666960799897936,2.4141004199786935,2.424735590456474,3.749453101893577,1.463366066803757,1.639722445202901,4.3295185192241465,2.5495594869466953,1.9442138409537717,2.422043222957047,4.185762228565928,2.6468022586715856,2.4479819976277972,2.0857330458544823,2.316874415230512,3.262020183182637,3.406223583388306,2.1696528924950336,4.349873176349429,1.5434763330736359,1.9775980022160458,2.9375498847021237,3.0646634013420835,2.2674531162630096,1.318497586661143,3.0378525743016143,2.7828329185920473,3.6643980817110444,2.677807497856801,4.247621424784346,1.6885851926808781,2.4304668878548754,1.6104882401901577,1.316572761026896,2.86770112551345,4.122337421311634,2.1439427636922797,4.250766338280202,2.9744094537775134,3.6744280098140463,4.370150615950957,4.291369172127056,3.588368508384778,3.7502610691702647,3.627595010321619,3.5620148630646984,3.9892663907012516,3.9078165097643804,1.9429720847743825,2.0185032787747765,4.359888494947217,3.736258825015947,2.3868631582190334,3.258492550534948,4.444153546384814,2.177213066733002,2.0886147537767883,2.9179235888120796,9.331909667968752,4.995909671308669
3.4385214434301328,3.723679186326798,4.1140571756413316,3.0679985372825906,2.4662136925107987,3.3506717681650673,2.4736220490994247,4.050294191261841,2.839703343815031,2.195407713929523,2.0532288058488994,1.9028439959103378,4.068659842890241,2.4970340485109825,2.6095020001786566,3.5482914167523028,1.6591735301566066,1.7355187887705879,1.7713883332962064,1.4859178566890021,1.8976179017686692,1.640925714237725,1.5821991742654582,1.225730798686643,1.3217493943434602,1.6950775639111149,2.8366691145787737,2.128317049826841,1.2368905632581149,1.3553183003245377,1.205417815862463,1.402572559741995,1.9431320968306403,2.307680420360726,2.5109154372510365,2.411756295732741,2.05483730403526,3.2779463901748525,1.5579618251542313,1.521678588742487,2.1750168780397674,1.883890419219955,1.777176514052508,1.5110362288924588,2.293187904456141,2.0005104427412648,3.5561792934686256,2.812403191364073,2.0248493395172775,3.235409527585509,2.8789563202007074,2.763804612295628,3.0918823839272283,2.4696550828375763,1.6407716602648104,3.028467138508817,2.869161067781255,3.8174935894333815,4.471492651811597,1.493816744685768,1.7797832009422558,2.2208102116670303,3.270322382496658,2.083519985224502,3.8484725845234635,2.993430273273445,1.860367579825281,3.457412680141858,3.6635430502535056,4.043707184891228,3.656080097663393,4.037678283281027,1.5760326045559359,3.6814175491313046,1.6224675927781862,4.2880929789720055,2.35916290758896,4.150356724239009,3.2324089972275813,4.471946302285071,2.6086031004689096,2.77554167418213,3.8327217103969224,4.242793139669736,2.3509555437014393,1.8350875688750654,2.472493152140119,1.7386050797956305,2.1400006410283576,1.7725141443242936,2.1262243081119636,2.7429230182392326,2.1813447663380585,4.268076611967471,3.9992322702448506,2.131413042221639,1.883102926807911,3.0657717548883476,3.67836290457956,1.822581892087786,3.4104082582569073,3.7718204557228985,3.834949962438472,4.322635695950278,3.267707190270188,10.583747070312498,5.415371261512874
2.9641019634837162,1.8969892600053577,2.2995451479594387,2.6502916900843223,2.27051219106083,1.727640202917326,1.7971950226369,1.780050890983875,3.53100089184499,4.448920467287903,2.105838524664115,1.5622750738458369,1.6924112393421968,1.2570308930184317,1.2072174046988333,1.3085488590936722,1.6121070753308129,1.3701060207077425,1.2882659268056305,1.4129179729865124,1.7814089825825008,1.3173864130745585,1.300766108182702,1.2189850613267896,1.3242818589341356,1.2446476029800322,1.9613438075086338,2.4323578316402372,1.8995967263794202,1.454696766429772,1.4487539517036163,1.6890119421321739,1.7759075145666066,1.7669996506748737,1.5958645096375272,1.2333077159233825,1.448803466492989,4.149484477339876,1.4003967966485078,1.5551302548933614,2.0588858664593794,2.450341937935548,1.4719812898119895,1.505900287825642,2.3420200227396832,1.5131668290853575,2.921313083313225,2.2183831535514074,2.309014292844388,2.351803957375371,1.5477993931113154,2.8485147011311023,2.1158872226548855,1.6674252419953441,2.8540321180466046,2.194534185198685,3.803634566180202,3.6973810554429365,2.3475292610228764,3.2909810834114706,3.0838693582521275,1.8106517950419874,4.359016616423406,1.8710151349434987,3.694080592959285,1.8352728164994347,2.536390097876056,3.7604282322693714,3.290640395229541,3.638209038805312,4.3590242386624585,3.6218747371847266,2.527295492253645,1.9148983235907282,3.591124773917849,2.7580004029159437,2.1771655021897107,4.030398846974327,3.0751759292678864,3.9764746123669976,4.262095951775187,2.4260727331498817,3.6949080538097285,1.9785199347148332,3.5857679025298954,1.290278532765045,3.4358583931784827,2.6179140324999746,3.576806149263073,2.7709117656388225,4.020460623764702,3.7674038504630527,3.270310533305513,1.8659566926998405,4.388218569917046,3.398351757263721,3.446445287110227,3.2949719047076664,2.5805010189307716,3.333735944666831,1.7310260873133818,2.008566215267947,2.1133511667334504,3.4445471038561317,3.789592258675363,8.573208984375,4.7175418303884324
2.536645540808299,1.977104883638528,1.963545224829404,1.9254601076762083,1.9965143856732395,2.2318210939415435,2.045534421924963,2.018144174434084,1.6798429683100615,1.425702127257864,1.7127768468449354,2.761012799279873,2.636809990978536,1.8320255932980014,1.2148263710928546,1.3899053229547826,1.6798195915014553,1.7054052153659804,1.5365682866171602,1.5686217633041397,1.7012779487291811,2.080787507776404,1.978408980594901,1.7973740737351758,1.4874384878685138,1.3713500485659318,3.8432874791071336,1.8696548150343348,2.3081731878691043,2.7220962830654925,1.7597607353227966,1.6684003240193284,3.811463341944693,1.4273387632203554,3.8372395815317906,2.397984428031759,2.787945751500274,3.7430486483220102,2.6722370106557123,3.9065430023498573,4.089233425591451,2.1710986640972387,3.3550313923230024,2.3834243736103087,3.907402900741582,3.3452561063522417,3.2284658755515774,4.133695972690027,1.49207799491421,3.467690906908082,3.6135394050970446,3.075250433305536,2.137946325311238,3.564984165153259,2.4310524416644532,3.3829154741504937,2.858892645172014,4.336007015229161,3.708805295295563,2.421946310591427,2.4357536646439235,3.251840496583268,1.567522937793231,1.6417859720977201,3.369969199177789,4.038352566025306,4.266759474568645,2.93266152266414,3.8903900957434856,4.494264691674381,3.948941241490938,3.983862951118582,3.37105367928247,1.4214493068268899,1.7056835568620379,1.9602996857454198,1.4365352123718447,2.5712139533334875,3.9448356749398554,3.2663716072589013,4.1904009748025715,2.4376777400069765,2.0026451907961444,1.3597166887695409,1.775902165060999,3.5463338137688365,3.925712086097871,2.2542280758658118,3.138769248857796,2.1615245009509114,3.823965470072196,2.971227475104368,1.9592675094389784,1.5138665644972715,3.5224521351759894,2.6281359002910243,2.9322963348085094,3.4122090405847683,3.3959043174165666,3.2066695979720903,4.439972924773706,2.8333589936483574,3.2182327652445313,3.1228138614692944,2.80536878167652,9.407760742187506,5.3626855216819855
3.323856485451811,1.8123960626336075,2.134920456155412,1.7784067313710772,1.8423505099254394,2.066995380429167,1.7871911030768688,1.5975148930126888,1.2602857873708728,1.4535160451718367,1.4080067118346944,1.3569289260229556,1.5144810756222746,1.3488155059066873,1.2923912098467798,1.3023035800535816,2.5053645752317504,2.969207814203229,2.933222265178082,2.6800183615866158,1.295111099370623,1.5708435781502579,1.6578308940394606,1.5327148126946688,1.6966127796625128,1.7729068633846778,1.6273178021941408,1.326048934141309,1.681733656878001,2.3369804302365442,1.31083758517191,2.42307966374442,2.8377649211791676,1.3412768806818771,2.421286088451417,3.324488145795323,3.68214090077093,2.5151524136785395,2.416373547476802,2.2533130533867523,3.503709100338637,2.804198296499884,1.3976635724186963,1.4125351999663418,2.0890967326966376,2.0987956812228097,4.2327420242542875,2.607403802000726,2.7371533359890754,2.006621389687576,3.3246552716079694,1.9405389371727668,3.113676203228932,3.6195465065888586,2.4551145471717066,1.9622946868425186,4.006933056265509,2.5713953572919217,2.2186917353296502,2.8612385777297504,4.0729279664713625,3.862405444811044,4.480292760528285,3.7741696798996274,2.2065186554109455,2.9961750332550494,3.3171196103808573,3.490965074233642,2.111012285965128,2.8239437949649377,1.2869054229519508,3.6853022503317536,3.4447807931664074,3.1492816767896876,3.32655830466255,2.86374378220545,2.8944188819448766,2.1335769936888056,2.9957452422580713,3.4039050884758133,3.2421397375043948,2.520057129586661,2.4973282079059573,2.447803729900089,4.165203742953475,1.412568719552657,4.206497964734135,1.971124588377379,2.7861643053949607,4.437005227460403,2.454680968252961,2.9501763870389444,2.8861297024965573,2.9563769028427362,3.4970759270526277,3.2681242719385892,1.5545574872656942,3.821897673116898,3.5844349087844067,2.7001449017337715,4.353760559588328,2.2199817752791584,4.108464139530005,3.085589038689621,3.3873962315491735,9.293951904296875,4.956391618473287
